location,title
San Francisco,Hal Leonard - Beyonc√©: I Am... Sasha Fierce Songbook - Multi ( .
San Francisco,Hal Leonard - Various Composers: Top Country Hits for Easy ...
San Francisco,American DJ - Bubble Juice - Clear
San Francisco,Musical Instruments: American DJ - Vizi Roller Beam 2R ...
San Francisco,Accu-Case - F4 Par Gig Bag - Black (HardGood)
,
San Francisco,Musical Instruments: AirTurn - Wireless Page Turning Kit - Black
San Francisco,Avid - Pro Tools Quartet Audio Interface and Software Pack ...
San Francisco,"Musical Instruments: Acoustic Geometry - 56"" x 35"" x 2"" ..."
San Francisco,"HardGood: American DJ - 2"" Stage Tape - Black"
San Francisco,G7th - Performance 2 Capo - Black/Silver (Musical Instruments)
San Francisco,Hal Leonard - Gerken Teja: The Taylor Guitar Book - 40 ...
San Francisco,Hal Leonard - Various Artists: Singer's Musical Theatre ...
San Francisco,Hal Leonard - Various Artists: The Most Requested ...
San Francisco,Spectrum 54 Note Electric Keyboard - Black (Ail 439)
San Francisco,Trumpet with mouth piece
San Francisco,Trumpet for intermediate players - trumpet in brass
San Francisco,Rusty Sax with accessories
San Francisco,"five octaves, 37 key keyboard - good sound"
San Francisco,Electric keyboard piano for pick up only
San Francisco,Who is looking for Percussion instrument?
San Francisco,Saxophone in mint condition
San Francisco,Electric Cello - 1/2
San Francisco,4/4 redwood color violin for beginners
San Francisco,Guitar with extras
San Francisco,electric bass guitar plus accessories
San Francisco,Cello Case for 1/2 Cello
San Francisco,1/2 violin in light green
San Francisco,Crash Cymbal
San Francisco,Drum kit which has rarely been used
,
San Francisco,Yamaha  kit
San Francisco,Cymbals in mint condition
San Francisco,HardGood: Casio - Portable Keyboard with 61 Touch-Sensitive ...
San Francisco,Great sounding amp!
San Francisco,Amp - in good condition
San Francisco,Marshall half stacked amp
San Francisco,Want a Piano?
San Francisco,Keyboard in good condition
San Francisco,soprano clarinet up for sale
San Francisco,For Sale - Violin - Top Condition
San Francisco,Are you in need of a guitar?
San Francisco,Antique Mendelssohn with Bench
San Francisco,Beginners piano in good condition
San Francisco,Top Mic- Your second voice!
San Francisco,Wireless Mic with accessories
San Francisco,KidKraft Outdoor Sandbox with Canopy
San Francisco,Princess Paradise Danny the Dragon
San Francisco,La Leche League International Nursing Cami
San Francisco,Giggle 2 Pack Skull Hat - Gray
